developer,votes
Valve,720864
Paradox Development Studio,122186
Bohemia Interactive,112312
New World Interactive,93965
Colossal Order Ltd.,61805
Keen Software House,52469
Larian Studios,51924
Wube Software LTD.,47195
Subset Games,45831
The Fun Pimps,43813
Hinterland Studio Inc.,41558
Frontier Developments,40077
Playsaurus,38238
Ludeon Studios,37699
Red Hook Studios,34803
CREATIVE ASSEMBLY,33929
Introversion Software,32876
Greenheart Games,25937
Mega Crit Games,25168
AMPLITUDE Studios,24751
11 bit studios,23642
Shining Rock Software LLC,21833
Relic Entertainment,19580
Ndemic Creations,18662
Robot Entertainment,17830
Harebrained Schemes,17774
Haemimont Games,17564
Ronimo Games,17560
Offworld Industries,17531
HuniePot,17050
"PopCap Games, Inc.",16800
Trendy Entertainment,16725
ConchShip Games,15665
Digitalmindsoft,15472
Team17 Digital Ltd,14042
Coffee Stain Studios,13714
Eugen Systems,13346
Suspicious Developments,13140
Ensemble Studios,12958
Funcom,12470
Berserk Games,12466
BetaDwarf,11983
BlankMediaGames,11217
Stoic,10996
Realmforge Studios,10651
Double Fine Productions,10612
Gas Powered Games,10483
Mouldy Toof Studios,10197
kChamp Games,10162
Shiro Games,9900
Orange_Juice,9811
Awesome Games Studio,9757
Stainless Games Ltd.,9687
Warm Lamp Games,9649
Nabi Studios,9580
FireFly Studios,9467
Numantian Games,9456
Entrada Interactive LLC,9352
SEGA,9234
Mimimi Productions,9106
Petroglyph,9044
Ninja Kiwi,9031
Ironhide Game Studio,8354
Lo-Fi Games,8341
Eleon Game Studios,8284
Mastfire Studios Pty Ltd,7985
Pocketwatch Games,7912
Beamdog,7298
Dinosaur Polo Club,7176
5th Cell Media,7070
Unknown Worlds Entertainment,6874
Matthew Brown,6659
Konami Digital Entertainment,6387
Carbon Games,6338
EA Los Angeles,6279
Stardock Entertainment,6269
inXile Entertainment,6227
Number None,6143
Dekovir Entertainment,5962
Scott Cawthon,5841
Playa Games GmbH,5698
Weappy Studio,5519
Hanako Games,5510
KillHouse Games,5485
CCP,5485
League of Geeks,5392
"Lion Shield, LLC",5261
Vertigo Gaming Inc.,5238
Clapfoot,5205
Firaxis Games,5204
Nival,5007
Madruga Works,4955
The Behemoth,4716
Game-Labs,4614
Pearl Abyss,4578
Chris Sawyer Productions,4573
Creobit,4549
Abbey Games,4515
Overhype Studios,4472
Positech Games,4472
GSC Game World,4443
Hidden Path Entertainment,4419
Lazy Bear Games,4402
Robot Gentleman,4376
The Bearded Ladies,4352
Planetary Annihilation Inc,3998
U-Play Online,3927
Noio,3878
IronOak Games,3870
Triumph Studios,3850
Abrakam SA,3801
"Dragonfly GF Co., LTD",3791
Playsport Games,3790
KK Game Studio,3763
Game Science,3689
Klei Entertainment,3637
DolphinBarn,3625
"Cygames, Inc.",3575
Ankama Studio,3567
Blue Wizard Digital,3559
Radiant Entertainment,3523
Brilliant Skies Ltd.,3440
ACE Team,3435
Stainless Games,3367
MinMax Games Ltd.,3343
Runner Duck,3323
Brightrock Games,3195
Camex Games,3130
Trion Worlds,3129
Fakt Software,3103
Bluebutton Games,2990
TPP Studio,2987
Eggcode,2939
Limbic Entertainment,2895
Knuckle Cracker,2875
"Jackbox Games, Inc.",2863
Piranha Games Inc.,2844
Home Net Games,2834
Jutsu Games,2832
Landfall,2814
Gamious,2795
"MicroProse Software, Inc",2766
Cyanide Studios,2708
DL Softworks,2690
Counterplay Games Inc.,2675
Love in Space,2652
Blue Manchu,2647
Blue Bottle Games,2628
"Level Up Labs, LLC",2586
Raymond Doerr,2571
Image & Form Games,2539
DotEmu,2512
Gaddy Games,2492
S2 Games,2480
MuHa Games,2474
Athena Works,2470
Dire Wolf Digital,2464
Behold Studios,2459
Downpour Interactive,2454
Cherry Pop Games,2411
Elecorn,2409
Silent Dreams,2401
Gaming Minds Studios,2376
Coredumping,2360
CreativeForge Games,2297
Tindalos Interactive,2272
Nomad Games,2217
Infinity Plus 2,2210
Codename Entertainment Inc.,2209
Goldhawk Interactive,2160
Game in a Bottle,2091
Illwinter Game Design,2089
Anisoptera Games,2085
Best Way,2026
Łukasz Jakowski,2014
Blackbird Interactive,1991
"Nippon Ichi Software, Inc.",1985
Rogue Factor,1982
Hyper Hippo Games,1982
Logic Artists,1973
David Stark,1955
Heluo Studio,1934
Lightmare Studios,1929
The Men Who Wear Many Hats,1898
Shawn Hitchcock,1893
Ino-Co Plus,1889
Mohawk Games,1844
Bulwark Studios,1829
Panoramik Inc,1828
Rocket Bear Games,1827
Topware Interactive,1826
Egosoft,1825
Robotronic Games,1811
Divine Games,1803
NEXT Studios,1779
Mode 7,1762
Black Shell Games,1755
Elixir Studios,1752
DR Studios,1744
Freehold Games,1737
"Arcen Games, LLC",1710
Stray Fawn Studio,1685
Light Bringer Games inc.,1684
NGD Studios,1671
Data Realms,1665
Out of the Park Developments,1653
Days of Wonder,1652
treeform,1623
Clarus Victoria,1612
1C Entertainment,1607
Creoteam,1602
Blackfire Games,1596
Baggy Cat Ltd,1583
Marco Amadei,1582
Passtech Games,1563
Power of 2,1544
EarthWork Games,1524
ClockStone,1512
Maschinen-Mensch,1508
Killerfish Games,1498
"KOEI TECMO GAMES CO., LTD.",1491
Cats Who Play,1488
Tortuga Team,1487
Snowbird Games,1476
Kite Games,1472
Pipliz,1470
Brilliant Game Studios,1464
Rune Forge,1462
Section Studios,1456
SomaSim,1439
Eden Industries,1433
5 Lives Studios,1420
GrizzlyGames,1413
Battlecruiser Games,1410
Milkstone Studios,1399
Blendo Games,1370
Spiderweb Software,1364
Idea Factory,1352
Artifice Studio,1339
Konstructors Entertainment,1339
Periscope Games,1333
Impressions Games,1330
Survios,1305
Hovgaard Games,1301
Destructive Creations,1288
Maverick Game Studio,1284
BlueLine Games,1273
Valsar,1242
Meta Interaction,1241
Camshaft Software,1234
Hesketh Studios Ltd,1233
Pragmatix Ltd,1225
Cavedog Entertainment,1218
Little Green Men Games,1202
Twice Circled,1201
Bob,1195
Pipeworks Studio,1194
ProjectorGames,1175
Capybara Games,1136
"ZiMAD, Inc.",1135
"Cloudcade, Inc.",1110
"Schine, GmbH",1080
Hoplon,1079
"Playdek, Inc.",1078
TreeFortress Games,1073
Noble Master LLC,1059
3Division,1058
NoClip,1054
Matt Roszak,1054
"Massive Damage, Inc.",1053
Playata GmbH,1046
Vox Games,1042
The Battle for Wesnoth Project,1035
Cheerdealers,1035
Crytivo,1034
A.Y.std,1033
Full Control Studios,1032
Slug Disco Studios,1010
1C-SoftClub,1007
Airtight Games,999
Petit Depotto,994
Apoapsis Studios,993
Zen Studios,975
LVGameDev LLC,971
Snail Games USA,968
Question,965
Two Tribes,952
QCF Design,952
Low Magic Studios,951
GolemLabs,942
Ironward,941
"Grey Havens, LLC",940
Martin Ivanov,931
Black Sea Studios Ltd,929
Altar Games,927
Signal Studios,924
AutoAttack Games,918
Jan Zelený,913
NeocoreGames,909
Dapper Penguin Studios,908
Oddworld Inhabitants,902
Misfits Attic,898
GSQ Games,892
Dynamic Pixels,891
Shining Pixel Studios,889
Mindillusion,885
DoubleBear Productions,879
Katauri Interactive,874
Daedalic Entertainment,862
Sick Puppies,861
Berzerk Studio,849
Polymorph Games,842
O'olBlue Inc.,841
Strategy First,838
Microblast Games,818
Proxy Studios,813
RLR Training Inc,803
Kremlingames,791
Kyy Games,789
Chucklefish,788
Zero-K Team,786
Choice Provisions,781
MyACG Studio,779
Trese Brothers,776
LongYou Game Studio,772
Blue Brain Games,768
FlyAnvil,767
No Moon,765
Coatsink,765
Dan Walters,758
EXOR Studios,758
Croteam,757
AurumDust,751
BKOM Studios,748
Aterdux Entertainment,745
Halfbus,743
SuperVillain Studios,743
Suncrash,732
PlayFlock,722
Virtual Basement LLC,717
Oxymoron Games,717
Satur Entertainment,717
"Valkyrie Entertainment, LLC",697
Hammerfall Publishing,690
Graviteam,689
Puppygames,679
Pixel Gangsta Studio,674
WeShare Game Studio,672
Anteater Games,672
Pyro Studios,667
Big Boat Interactive,664
Fishlabs Entertainment GmbH,664
Holyday Studios,651
Sandstorm Studios Inc.,650
"Nicalis, Inc.",648
ZOV GAME STUDIO,646
Handelabra Games Inc.,640
Screeps,639
14° East,637
Event Horizon,637
Leslaw Sliwko,631
Square Enix Montréal,630
The Quadsphere,630
Luminous,629
Lion's Shade,625
Endless Loop Studios,622
Code Force,618
Stainless Games Ltd,610
阿正不经,609
Soccer Manager Ltd,605
Convoy Games,601
Mi-Clos Studio,596
Dandylion,596
Trilum Studios,594
Grid Sage Games,593
"Shanghai JingCai Computer Software Development Co., Ltd",589
Dream Reactor,584
Eforb,580
Blazing Griffin,570
Alda Games,564
BattleGoat Studios,553
DryGin Studios,553
Black Lab Games,552
Lunarch Studios,551
Empires,548
Spellbound,546
Jon Gallant,543
Spiritwalk Games,542
"Hassey Enterprises, Inc.",538
NukGames,536
Kukouri,536
"Gunpowder Games, LLC",533
橙光游戏,532
PopTop,530
CUTE ANIME GIRLS,527
Snapshot Games Inc.,527
Arzola's,526
Great War Team,521
"POCKET PAIR, Inc.",516
Uber Entertainment,515
The Quantum Astrophysicists Guild,511
Alientrap,509
Spry Fox LLC,509
Hamsters Gaming,506
Big Sandwich Games,505
Alawar Entertainment,499
Blue Byte,497
Corroding Games,494
Enlight Software Limited,488
Rob Howland,486
Eidos Studio Hungary,486
Reflect Studios,479
Grizlikyt,478
FlipSwitch Games,478
Hex Entertainment,475
Adventurepro Games LLC,475
Erik Asmussen,475
EightyEightGames,474
Goblinz Studio,472
Super Evil Megacorp,472
Kittehface Software,471
Strange Loop Games,470
Robotality,470
Yakiniku Banzai,465
Blindflug Studios AG,465
RocketWerkz,460
Plethora-Project LLC,459
Stolen Couch Games,459
CCCP,457
Straylight Entertainment,454
The Artistocrats,451
Reality Pump Studios,445
Dark Energy Digital Ltd.,443
17-BIT,442
Mola game,435
Cobra Mobile,434
Just1337 Studio,434
Flix Interactive,432
Phaser Lock Interactive,426
Evil Twin Artworks,425
White Wizard Games,422
Mothership Entertainment LLC,420
AtomicTorch Studio,420
Invent4 Entretenimento,415
Nerdook Productions,414
Alice & Smith,410
Funktronic Labs,409
Visual Entertainment And Technologies,405
Mokus,404
WarfareSims,403
SimTex,401
Fan Shi,398
CGE Digital,397
Coffee Powered Machine,394
Kerberos Productions Inc.,393
Edym Pixels,391
Daedalic Studio West,389
Dreadbit,389
2x2 Games,388
Toge Productions,388
HeroCraft,387
TickTock Games,386
Maverick Games,386
Bugbyte Ltd.,385
Creative Storm Entertainment,379
6 Eyes Studio,378
YFC games,377
Waz,375
Taylor Stapleton,372
Barry McCabe,370
RewindApp,369
Cyanide Studio,366
Akella,366
Longbow Games,363
Hammer Labs,361
Targem Games,358
Nate Schmold,357
Vile Monarch,356
Anarchy Enterprises,356
Sigma Team Inc.,355
ZuoBuLaiGame,355
Muzzy Lane,353
Dreamsite Games,351
Sauropod Studio,350
Cold Beam Games,343
BVRgame,341
中三之家,340
Villainous  Games,338
Maru Project Develop Team,337
White Rabbit Games,332
BrainGoodGames,332
Red Unit Studios,332
Corbie Games,332
Vanguard Games,331
"Bimboosoft Co.,Ltd.",327
Q-Games Ltd.,327
Funatics Software,326
Fire Hose Games,326
Star Drifters,325
Electric Succubi,323
Michal Pawlowski,323
10tons Ltd,322
Apeiron,322
Triskell Interactive,321
2DArray,320
DreamPunks,319
Shanghai huan zhen Info Tech Ltd,318
Hostel Games,318
rdt.32,316
Sparkypants Studios LLC,314
Reality Pump,313
N-Fusion Interactive,310
NetDragon Websoft Inc.,307
Cyberlore,306
Snowhound Games,304
Desert Owl Games LLC,303
WolfgangIs,302
LeonWaan Games,299
TrueThought,297
3 Sprockets,296
Mana Games,294
NetEase Games,294
DOG HOGGLER,291
Cyril Megem,289
Coolhand Interactive,288
Tim Conkling,287
"Tilted Mill Entertainment, Inc.",286
Larkon Studio,283
Estelion,283
Deck13 Hamburg,283
Bane Games,282
Ascaron Entertainment ltd.,282
Screwfly Studios,278
"SmiteWorks USA, LLC",277
Moonlight Mouse,277
Bigfingers,277
NodziGames,277
ColePowered Games,275
Mudpike,275
I-deal Games,274
Tomlab Games,271
Lucky VR Inc.,271
Red Team Games,269
Slitherine Ltd.,268
Iteration 11,268
DEXINT GAMES,268
Pera Games,267
ADhD Studios,266
"Fancy Bytes, Reactor",265
Batholith Entertainment,265
Cadenza Interactive,263
Playwood Project,260
Subatomic Studios LLC,260
Byzantine Games,259
Aldorlea Games,259
Jetdogs Studios,259
Broken Games,258
Thibaud Michaud,257
RosePortal Games,256
Happy Tuesday,254
Code Mystics,253
Strange Fire,250
4 Head Studios,249
Aleksandr Golovkin,248
DESTINYbit,247
Graveck,246
Badim,246
1939 Games,246
Sonalysts,246
CyberConnect2 Co. Ltd.,245
Grey Alien Games,244
MumboJumbo,244
Team Jolly Roger,243
Fantasy Flight Games,242
Monstrum,241
Oomst Games,240
Picaresque Studio,240
Monogon Games,240
Gavra Games,239
Systemic Games,238
MokyuSoft,237
Machine 22,237
Viking Tao,236
Bmc Studio,236
"Q Switched Productions, LLC",235
Super Punk Games,235
1C:InoCo,235
Frontier,234
Mostly Tigerproof,232
Sombr Studio,230
Zillion Whales,230
Fifth Column Games,228
VisualArts/Key,228
Tenco,228
Clewcat Games,228
Ashdar Games,226
K Bros Games,225
Dez,225
Wild Factor,224
Ludochip,224
Elite Games Team,223
gnifrebel Games UG,223
Bear & Cat Studio,222
Hexage,221
L Twigger,221
2by3 Games,220
b-alive gmbh,218
Sergio & Simon,216
Pixel Quality Games,215
Hitcents,214
GFX47,212
Balcony Team,212
Zachtronics,211
"Hangzhou Xinlan Network Technology Co.,Ltd.",211
electrolyte,211
Polar Motion,211
Terapoly,209
Pandemic Studios,208
Muzzy Lane Software,208
Dawntrail Entertainment,207
Codebyfire,207
Artem Kotov,207
Progorion,206
Naiad Entertainment LLC,206
"Bat Country Games, LLC",205
Sleepy Duck,204
Felip Guimerà,204
Squeaky Wheel Studio Inc,204
Laughing Jackal LTD,203
Oryx Design Lab,202
Hi-Rez Studios,201
Fantasy Flight Interactive,201
The Creative Assembly,200
Riff Studios,200
Anatoliy Loginovskikh,199
Improx Games,199
Chaos Industries,198
Tinogames Inc.,198
Thorne Games,196
Ripknot Systems,196
Mythical City Games,196
JE Software,195
Roman Makhmutov,195
Kitfox Games,194
VR Designs,194
Malfador Machinations,192
Whale Rock Games,192
Emmanuel Salva Cruz,189
Sheer Studios,189
Ivanovich Games,189
Drixy Games,188
Polyslash,188
Seacorp Technologies,188
System 3,188
TheMiddleGray,187
Red Redemption,187
OfficialAndy,187
DigiPotato Studio,185
Blind Mind Studios,185
Wargaming.net,185
Crunching Koalas,185
Turnopia,184
90Games,182
Infinite Interactive,182
Brain Seal Ltd,182
Jake Huhman,182
Mojang,182
Kilted Camel,181
BumpkinBrothers,181
it Matters Games,179
CP Decision,179
The Knights of Unity,179
Lycanic Studios,178
Corrosive Studios LLC,177
DVS,175
VirusSea,174
Stardog Games,174
Russpuppy,174
Skyshine Games,174
GaluluGame,174
边境游戏工作室,173
Nicholas Rizzo,172
Ageod,171
Illusion Softworks,171
Pixelated Milk,171
Mad Mimic,170
Facepunch Studios,169
AYGames,169
Ubisoft  Shanghaï,168
Serious Brothers,168
Crankage Games,167
IOA Games,166
Rodeo Games,165
Flow Combine,164
Overture,164
Yiming,162
Evil Bite,162
Fireblade Software,161
Iridium Studios,161
"LRDGames, Inc.",161
Nezon Production,161
Every Single Soldier,160
Lucas Molina,159
Pixel Cattle Games,159
Rage Software,158
"A Sharp, LLC",157
Insane Dreamers,156
GabberGames.com,155
Coconut Shavers,155
Boomzap Entertainment,154
Frozenbyte,153
Auroch Digital,152
Fireglow,151
Immersed Games,151
Liquid Dragon Studios,150
Sunny Show,149
Vasiliy Kostin,149
BL-Logic,149
KIXEYE,149
TimeGate Studios,149
Firebrand Games,148
Konfa Games,148
Myron Software,148
bumblebee.,147
Leiting Interactive,147
PERFECT PARALLEL,146
Upper Class Walrus,146
Rad Codex,145
Chondrite Games,145
Zeroscale,144
Raptor Claw Games,144
Kazakov Oleg,144
SoftWarWare,144
Wave Light Games Inc.,144
Sacada,143
Astronomic Games,143
NIGHTBOX,143
SkyBox Labs,143
Fun Bits,143
Futuremark,142
掌烛文化,142
Cube Roots,141
WinterSpring Games,141
DTF games,140
iosoftware,140
Sixteen Tons Entertainment,140
Proton Studio Inc,140
Irrational Games,140
Hypersect,140
Chris Sawyer,139
Oats Studios,139
Meggic,137
Starni Games,136
Burrito Studio,136
Paladin Studios,136
"Fantasy Flight Publishing, Inc.",136
Bolvërk Games,135
Rainbow Games,135
Crasleen Games,135
Ripstone,135
Kitsune Games,134
Parallel Space Inc,134
Legend Studio,133
Skilltree Studios,133
Cardboard Utopia,133
Righteous Hammer Games,133
Sillysoft Games,132
grapefrukt games,132
"Thiemo Bolder, ONEMANGAMES",132
Onni Interactive,132
Origin8 Technologies Ltd.,132
Timeslip Softworks,131
Eat Create Sleep,131
Ezzat Studios,131
X-Bow Software,130
Indiever Games,130
Jujubee S.A.,129
"HANGZHOU ELECTRONIC SOUL NETWORK TECHNOLOGY CO., LTD",129
Massive Entertainment,128
Huw Millward,128
Starwind Games,127
Flat Earth Games,127
FreezeNova,127
Shark Punch,127
Vladis Fire,127
Vifth Floor,126
Snkl Studio,126
Marmalade Game Studio Ltd,125
Lonely Troops,125
Roman Glebenkov,125
Virtys,124
Fluffy Kitten Studios,124
Jannik Nickel,124
Squatting Penguins,124
Digital Eel,123
Far Road Games,123
All Yes Good,123
Flying Panjandrum,122
Spellbook,122
Office 5656,122
doorfortyfour,122
Heydeck Games,122
Volcanic Giraffe,122
Pelican Party Studios,121
Bad Seed,121
WINGED SAKURA GAMES,121
Dustwind Studios,121
Dark Inertia Studios,120
Interactive Fate,120
i273 LLC,120
Black Lime Studio,120
Sylvain Harlaut,119
SMG Studio,118
Doble Punch Games,118
Digital Cybercherries,118
Nine Dots Studio,118
Filament Games,116
Realore,116
Obsidian Entertainment,116
Black Cactus,115
Dragon Wing Studio,115
Fury Software,115
Shrimpcave Industries,115
Andrettin,114
FunLab骆驼,114
Arkedo,113
Team Junkfish,113
Snowcastle Games,112
Emir Cerimovic,112
Free Range Games,112
MythicOwl,112
Robert Alvarez,112
Iron 27,111
DreamGate,110
Victorian Clambake,110
Abyte Entertainment,110
Aero Games,109
SC Jogos,109
Kerry Fawdray,109
Pixel Forge Games,109
Studio Eres,108
Red Beat,108
Zeal Game Studio,108
Gabriel Priske,107
inbetweengames,107
Membraine Studios,107
Alawar,107
SDEnterNET,107
Rubicon Development,107
On Target Simulations,106
Ideas Pad,106
Other Ocean Interactive,106
The Snarktopus,106
Tower Games,106
Sproing,104
Deimos Games,104
Tactic Studios Inc.,104
Cranktrain,103
Binogure Studio,103
Pixel Federation,102
Birdwall Games,102
オートリ電子,102
Rock Nano Global,101
MDickie,101
Zono,100
4HEAD Studios,100
PIXOWL INC.,100
TREON Games,100
Fatshark,100
Subsoap,99
Level 99 Games,99
Vulgat,98
Andy Sztark,98
Weird and Wry,98
314 Arts,98
The Lordz Games Studio,98
Praxia Entertainment Inc,97
上海班图网络科技有限公司,97
General Interactive Co.,97
Lightmare Studio,97
Shadow Masters,97
YarGri,96
Rogue Moon Studios,96
Wolfgangis,95
Bearded Bunnies,94
Exkee,94
HandyGames,94
Owlchemy Labs,93
Tabletopia Inc.,93
Secret Sorcery Limited,93
Apus Software,93
Mozg Labs,93
Synapse Games,92
CyberphobX Ltd.,92
Polar Bunny Ltd,92
Hyperkinetic Studios,92
Tom Johnson,92
狼皮羊工作室,91
Linkflag,91
Humongous Entertainment,91
Spaces of Play,91
Flying Star Games,91
Jon Sudbury Games,91
Kubat Software,90
Krafted Games,90
Everguild Ltd.,90
From The Bard,90
Sirlin Games,89
varlamov5264,89
CM Softworks,89
S-Game,88
KirUn,88
Barking Dog Studios,88
Blue Fiddich制作组,88
Ejoy Games,87
Elliott Marc Jones,87
Unknown Origin Games Inc,87
Ino-Co,87
Turtle Juice,87
Flat Cat Games,87
Huy Phan,87
Tamamo Studio,87
Pipeworks Studios,87
KicklessGame,87
Luden.io,87
不公开,87
Sun Dogs,87
HB Studios Multimedia Ltd.,87
Double Eleven,86
Laboratory Systems,86
Ripatti Software,86
Panther Games,86
Rasmus Ljunggren,86
Jakal Studios,85
One Man Left Studios,85
Little Worlds Interactive,85
DQ Team,84
"Pixel Prototype, LLC",84
ExDevs LTD,84
游学者狐狸,84
Caravel Games,84
KING Art,83
ManaVoid Entertainment Inc.,83
Silver Lemur Games,83
E McNeill,82
Fakedice,81
Skydome Entertainment,81
AREA 35,81
Wang Wenxi,81
Bitmen Studios,81
Autarca,80
Solecismic Software,80
Calvin Weibel,79
Chaos Concept,79
SuperTry Studios,79
Temple Gates Games,78
BitBreak I/S,78
NorbSoftDev,78
EternalShadow Studios,78
Touch Dimensions Interactive,78
Secret Level SRL,78
Shenandoah Studio,78
James Patton,78
Extend Studio,78
Moonpod,78
"Chengdu Touch Times Technology Co., Ltd",77
bumblebee,77
IriySoft,77
WayForward,77
Frima Studio,77
HexWar Games,76
Reconnect Software,76
Proper Games,76
Romero Games Ltd.,76
GoldenGod Games,76
"""Andrew """"Versus"""" Larionov""",75
Stormregion,75
Drakeling Labs,75
The Game Bakery,75
ZeroBit Games,75
Torrey Daniel,74
SOFTSTAR ENTERTAINMENT INC.,74
SPVD,74
Kurechii,74
Growl Interactive,74
Big Moustache Games,74
Skatanic Studios,74
Lightbulb Crew,74
Jérôme Bodin,73
Solar Sails Games,73
McMagic Productions,73
"Riposte Games & Co, Inc",73
Teal Fire,73
Team Colorblind,72
Michael Brough,72
BTNcafe,72
Argus Games,72
Magic Tavern,72
Sirius Sam,72
Cat Rabbit,72
goonswarm,72
Foggybus,71
Pon Pon Games,71
HYDEZEKE,71
Kraftix Games,71
Glowstick Entertainment,71
React Games,70
Plain Concepts Corp,70
Kel,70
Checkmaty,70
LUCKY GIRLS LIMITED,70
"Black Chicken Studios, inc.",70
Greenolor Studio,69
Mains Digitales Interactive,69
Whiterra,69
Elefantopia,69
SolarLance,69
K-D Lab,69
DiP Online,69
Galulugame,68
Oxeye Game Studio,68
Fedora Collective,68
Holgersson Entertainment,68
Altar Interactive,68
GUTS Department,67
Z4,67
Zero Sum Games,67
Kew McParlane,67
Sixth Vowel,67
Harpoon Games,67
Dark Fox,67
SP Digital Arts Inc.,67
Veslo Games,67
Good Games,66
Red Dolphin Games,66
L3O Interactive,66
Lunar Giant,66
清之鸣,66
Dancing Developers,66
Loser/s,65
Steel Wool Studios,65
Golden Gear Games,65
Startreming,65
Fuero Games,65
Appliks Apps Studios,65
Airborne Games,64
Littlewitch,64
16bit Nights,64
Cardboard Keep,63
Studio Chahut,63
True Illusion Software,63
Angry Rabbit Studios,63
Alister Software,62
"Parody Games, LLC",62
ARC SYSTEM WORKS,62
Lazy Monday Games,62
First Games Interactive,62
Chocoarts,62
Autotelic Games LLC,61
Leaghorn,61
Bowlcut Studios,61
Lost Tower Games,61
Fallen Tree Games Ltd,60
AP Thomson,60
One Wheel Studio,60
Dragon Foundry,60
KoromoSoft,60
Underbite Games,59
Flox Studios Ltd.,59
MTR,59
"Laser Guided Games, LLC",59
Whale Hammer Games,58
SugarHyped,58
Rionix,58
Deepred,58
Overly Complicated Games,58
Aratog LLC,58
Tiny RTS,58
FrozenShard Games,57
Mousechief,57
Pouchmouse,57
Strategic Designs Ltd.,57
Cult Software,57
DarkArts Studios,57
梵天游戏,57
Charyb Games,56
SmallSqurriel,56
Loria,56
Primary cells studio,56
Microsoft Game Studios,56
Toydea Inc.,56
OneShark,56
Roest,56
Permafrost Studio,56
Rockgames,56
Origin8,56
Factus Games,55
Stephane Bottin,55
LAN - GAMES EOOD,55
Windforce,55
Frogdice,55
G5 Software,55
Dark Artz Entertainment,55
Farbs,54
Orphic Software,54
Bulldog Interactive,54
Squeaky Wheel,54
Dan Smith Studios,54
Just A Pixel Ltd.,54
Screenhit Studios,54
PlayFusion,54
Ludosity,54
晨风工坊/DAWNWING SHOP,53
Sinister Design,53
Digital Reality,53
Oubliette,53
North Star Digital Studios,53
Craftven,53
ImaginationOverflow,53
Games for May,52
Endi Milojkoski,52
RetroEpic Software,52
TrickeySoft LLC,52
Nikita,52
Tryzna83,52
Sinkhole Studio,51
Cypron Interactive,51
SEKTOR GAMES,51
Virtual Top,51
IBOLOGY LLC,51
Interplay Entertainment Corp.,51
"Fair Weather Studios, LLC",51
Alaric von Teplitz,51
rokapublish,51
Chris Antoni,51
TriHelix LLC,51
"Marvelous, Inc.",51
Farlight Games Industry,50
Myarcadegames Studios,50
Specter Game Studios,50
Furiously Inactive Games,50
Abdullah Firat,50
Kerim Kumbasar,50
Praxia Entertainment,50
Frogames,49
Inu to Neko,49
Rhizome Games™,49
VinLia Games,49
Re零同人社,49
Eduard Mirica,49
GameHouse,49
Krin Juangbhanich,49
FURYU Corporation,49
polynation games ltd,49
e-visualsoft,49
Ish Games,49
Agate,49
Thoughtshelter Games,49
Most Wanted Entertainment,49
Warfare Studios,49
BeautiFun Games,48
Rogue Snail,48
DillyFrame,48
Pugsley LLC,47
NeXToNe,47
Ghost Fish Games,47
GFI Russia,47
Shinou Game Studio,47
Windmill Games,47
neko.works,47
Michael McCartney,47
Rake in Grass,47
Strategiae,47
RadiationBurn,46
GamersHype Productions,46
Kain Swartzbaugh,46
CSM,46
Alder Games,45
Parseh Game Studio,45
绚丽奈落,45
Soldak Entertainment,45
Immersion,45
RogueWare,45
NEXT-SOFT+,45
Electric Games,45
M. Hanka,45
Nathan Meunier,45
KURB,45
ZCH字母君,44
微信公众号：萌石,44
HeartBeast Studios L.L.C.,44
Ubisoft,44
Contec Games,44
Lost Goblin,44
Force Of Habit,44
Blue Entropy Studios,44
Vivid Helix,44
0Cube,43
Polytale,43
Orangepixel,43
Boogygames Studios,43
SimProse Studios,43
Panic Ensues Software,43
Yash Future Tech Solutions Pvt Ltd,43
Naarassusi Game,43
NerdyYetis,43
睦月文化,43
DIGIDICED,43
Good Game Co.Ltd,43
Nuclear Tales,43
"Sports Mogul, Inc.",42
HOF Studios,42
Bludgeonsoft,42
mPower Games Studio,42
Mad Devices,42
Brainwashing Games,42
Porcelain Fortress,42
DXF Games,42
Drixxel Soft,42
MUIFWEGO,42
Nitrous Butterfly,42
"Volition, Inc.",41
ALTAR Interactive,41
3 Minute Games,41
Anti Gravity Game Studios,41
Pig's Indie Games,41
Frostbullet,41
Mascot Entertainment,40
成都数艺互动科技有限公司,40
MassHive Media,40
Mind Over Matter Studios,40
BaileyHausdorff Systems,39
Acute Games,39
Fred Sauer,39
icefill,39
Pixel Wizards,39
Pathos Interactive,39
Hong Kong Netease Interactive Entertainment Limited,39
Aartform Games,39
North Side,39
Robot Circus,39
Heart Shaped Games LLC,39
Warballoon,39
Parabox Games,39
Cyclone Studios,39
Tri-Coastal Games,39
Traptics,38
Nerve Software LLC,38
ActaLogic,38
radiostatic,38
BySamb,38
Q'Prod,38
Curious Studio,38
Interbellum team,38
League of Sweat Ent.,37
Coreplay GmbH,37
DigiFeather,37
Aleksandar Kuzmanovic Games,37
Albatros Softworks,37
Anarkis Gaming,37
"Crow's Key Studios, LLC",37
C Prompt Games,37
Thomas ZIGHEM,37
Dinofarm Games,37
DeSync Studios,37
Alternative Software Ltd,36
HexGameStudio,36
Dieselmine,36
Monticube,36
Hermes Interactive,36
Elder Games,36
Sherman3D,36
tenacious718,36
Gerd Kortemeyer et al.,36
Bretwalda Games,36
Hothouse Creations Ltd,36
Monte Cristo,36
Deonn Software ltd.,36
80Arcade,36
Wooden Monkeys,35
Sean O'Connor,35
JoyCrafter,35
Rocket Cola Studio,35
invwindy,35
Assemble Entertainment,35
Crash Wave Games Inc.,35
Mirabolis Studios,35
toR gaming,35
Queen Bee Games,35
Crystal Empire Games,34
Yuna Studio,34
M♂NLY,34
Hammer Games,34
Playito.com,34
FX Game Studio,34
BYU Animation -  Class of 2016,34
Monkeys Lab.,34
Post Mortem Pixels,34
Excalibur,34
雷武游戏,34
Adam Tarnowski,34
Amegami,34
SimpleLogic,33
High Tale Studios,33
Daylight Studios,33
HQGames,33
Quite Different Mechanics,33
chickeninthecornstudio,33
CookieByte Entertainment,33
FlatRedBall,33
Starfish-SD Inc,33
Light Vision Interactive,33
Winter Wolves,33
5minlab,32
Daniel Jonathan Bourke,32
Light Road Games,32
Tripeaks,32
Hidden Achievement LLC,32
LW Games,32
Sergey Bobrov,32
Goatee Games,32
toxtronyx interactive GmbH,32
Protection Games,31
Sonic Sloth,31
HelixFox Games,31
Super Squared,31
Kobra Studio,31
yeswecamp,31
Oliver Keppelmüller,31
Snap Finger Click,31
Ozark Softscape,31
ChessBase,31
Han Zhiyu,31
B2Expand,31
iMaxGen,31
Evan Rogers,31
hallunazigames,31
GameDevLab,31
Game Studio Abraham Stolk Inc.,31
Pixelz Games,31
Inutaishos,30
Cryo Interactive,30
Yaeko,30
Cinemaware,30
GeexGames,30
CREW Studio Krüger UG,30
Finite Reflection Studios,30
Eversim,30
FX Games,30
Infinite Loop Games,30
STREAMWORKS,30
"Rockwell Studios, LLC",29
Firstborn Games,29
BYCODEC TEKNOLOJI LTD,29
Nemo Studios,29
Perilous Orbit,29
Resilient Games Ltd.,29
PlaySide VR,29
Aggroblakh,29
Devil's Dozen Games,29
Dingo Dango,29
Mega Boss Game Studio,29
StarworkGC,29
New Bridge Games,29
RuneStorm,29
etaxoft,29
Strides Interactive,29
Mykel Flynn,29
Origin8 Technologies Ltd,29
BadWolf Games,29
自由愉悦小黄猫(Free pleasure little yellow cat),29
SunRay Games,29
Diceroll Studios,28
Trophy Games ApS,28
Armatur Games,28
webgames,28
Phr00t's Software,28
Golden Unicorn Gaming Inc,28
Blue Giraffe,28
Patriot Game Studio,28
Bony Yousuf,28
Meta Sauce,28
AEL Entertainment,28
Class-X Games,28
Midwest Video Games,28
Smart Online Games,28
vertex4 entertainment ltd.,28
Beast Mode Games,28
Coronado Games,27
Stitch Media,27
Niels Bauer Games,27
Funforge,27
Thrill Pill Games,27
商人日记,27
SGS Team,27
We Are Fuzzy,27
Three Phase Interactive Pty Ltd,27
Juri Schupilo,27
Alina Digital,27
Light Arc Studio Ltd,27
InsGames,27
k.Song Tan,27
The Secret Pie,27
Renaissance Game Studio,27
Gamedust Sp. z o.o.,26
Narko Games,26
slizer88,26
Devdan Games,26
Happy Hobgoblin,26
Bacq Stellan,26
Winturn Games,26
Loomus Games,26
EmpromGame,26
NAISU,26
Stijn Van Cauter,26
gtscom,26
Isotope 244 LLC,26
FastGame,26
Axis Games,26
Slashware Interactive,26
Connor O.R.T. Linning,26
kunst-stoff GmbH,25
Creatio 49,25
Selva Interactive,25
灰猫,25
Paul Bird,25
MagicalTimeBean,25
WoksOnStudios,25
Hunchback Studio,25
MindWalker Games,25
Nawia Games,25
Completely Fair Games LLC,25
Blaster,25
Duke Studio,25
"Defend the Cake, LLC",25
StudioGIW,24
SaintXi,24
ShortRound Games,24
Cocopo,24
Political Games LLC,24
DaGGaSoft,24
Killer Bee Software,24
Educational Games,24
Persera Software Inc.,24
Plastic Games,24
Hanakai Studio,24
Oryzhon Studios,24
Refactored Games OÜ,24
Orfeas Game Studio,24
AIVIK LLC,24
TCR,24
Totem Games,24
Nuno Donato,24
Experiment 7,24
Booming Games,24
Fragment Production Ltd.,24
Anawiki Games,24
Adam Thompson,24
Metaphore Games SAS,24
Checkmark Games,23
Team Future LLC,23
tamationgames,23
Artists Entertainment,23
Baby Duka,23
Taco Truck Games,23
Legalase studio,23
Benjamin Rommel Games,23
Hart Laboratories LLC,23
Ladia Group,23
Ogopogoid Entertainment,23
Tom Kingston,23
StormCube Games,23
Archiact,23
Yang Sun,23
Tiny Titan Studios,23
Valravn Games,23
Wee Free Studio,23
Igor Rashkuev,23
"Pixel Barrage Entertainment, Inc.",22
ShotX Studio,22
Hazardous Software Inc.,22
Running Pillow,22
Xigma Games,22
Urban Goose Games,22
Benjamin Soulé,22
whoopsGames,22
Craig Daversa,22
Subtle Games,22
MDA Digital,22
Iocaine Studios,22
Stellar Sage Games,22
Awoker Games,22
Bawu Team,22
Epic Devs LLC,22
Aurox Studios,22
Gamalocus Studios,22
4 Door Lemon,22
RowlesCorp Studios,22
vidiludi games and entertainment,22
WOMBO COMBO GAMES INC.,22
The 3DO Company,22
Orch Star Studios,22
Downward Viral,22
IMPIRESOFT,22
CHG,21
Ambiera,21
Yustas Game Studio,21
Ominous Entertainment,21
inVantage Technologies,21
Animus Interactive Inc,21
VoxelStorm,21
Dead Drop Studios LLC,21
ImperiumGame,21
Gametek Brasil,21
Yo_Serjio,21
Sandspire Interactive,21
vikingfabian.com,21
Steedie,21
Fullmetal Developer,21
bonefrog,21
Jens P. Behrens,21
Gameloft,21
AirWave Games,21
TinyMob Games,21
Stereo7 Games,21
CHOU CHENG LU,21
"Soap Interactive, Lion Game Lion",21
Van der Veer Games,21
Pine Street Codeworks LLC,21
Workroom7,20
Large Visible Machine,20
Neverworks Games,20
BlewScreen,20
Ceylon Entertainment,20
Zentrifuge,20
BitCutter Studios Inc.,20
chris_antoni,20
Vashta Entertainment,20
Ice Code Games,20
Lunisky studio,20
BplusGames,20
Catness Game Studios,20
SCS Software,20
Hatfuls Games,20
Far Mills,20
Monkeynetics,20
"""Project """"The Game""""""",20
Domas Sabockis,20
Nonadecimal Creative,20
Big Red Planet,20
Lotte|EoD,20
UnitedIndie,20
Maris Ozols,20
热泉 RedSpring,20
Codrer,20
Eggon Srl,20
Comrades Inc.,20
Guys From Andromeda LLC,20
VR Features,19
Wonderbox Games,19
Christopher Cinq-Mars Jarvis,19
Green Moon Games,19
NIKITA ONLINE,19
Marker Limited,19
2Pi Interactive Pvt. Ltd.,19
Illyriad Games,19
Delum Studios,19
RiceMaster,19
Morozov Sergey,19
"Iocane Games, LLC",19
Vulkano Forge,19
Unphysical Machinery,19
PlayColorfulGames,19
Jajaben Games,19
Jonni Hirst,19
Hio Giang,19
Witching Hour Studios,19
DYNAMICNEXT,19
Huebotics,19
MyDreamForever,19
.M.Y.W.,19
Growing Grass Studio,19
Very Simple Idea Studios,19
Pedro Zea,19
tengenstudio,19
Skeleton Crew Studios,19
Tailwind Games,19
Schickmair Games,19
Oblivionburn Productions,19
Hellride Games,19
Ratalaika Games S.L.,19
Triple Tree Studio,18
Cool Mini or Not,18
David Nguyen,18
Pehesse,18
Genetix Studio,18
SOMATIC,18
REAL Co.Ltd,18
Matrix Games,18
voldan,18
Polska Lemon Ltd.,18
Retrocade.net,18
Cybergrotex,18
rese,18
HoCWar,18
MagicK,18
Ranmantaru Games,18
Bidoniera Games,18
Fantasy Li,18
Superstruct,18
SilverBlade,18
iconical Ltd.,18
Blue  Blaze Gaming,18
Matthew Jennings,18
Team Full Sail,18
Endwise,18
Dumbfounded,18
Studio Gier,18
TinMoon Studios,18
Mixel,17
Easy game,17
"Silverware Games, Inc.",17
Vertigo Games,17
Pixelsplit,17
Windybeard,17
夕,17
Deep Dive Interactive,17
JollyCo,17
Modern Dream,17
Theodore Palser,17
Killed Pixel Games,17
Intaglyph,17
Snipefish Entertainment,17
SpinVR,17
Mark Begenisich,17
Broken Arms Games Pty Ltd,17
阿达游戏,17
"Well Played Studio, Inc",17
Empyrean Interactive,17
Miro Straka,17
Sticky Studios,17
SoftCoder,17
Turbo Tape Games,17
Cortopia,17
Inclusion Studios,17
Neetpia,17
Ntronium Games,17
DPAD-FTW,17
PortaPlay,17
Gamexy,17
Dead Genre Studios,17
Mechabit Ltd,16
nkm,16
Rocktastic Games,16
Brain and Nerd Ltd,16
Virtual World Arcade,16
otter otter game,16
Disruptor Beam Inc.,16
Zeno Rogue,16
Game Master LLC,16
Gus Martin,16
Zolden Games,16
Afterthought Games,16
Frudelsoft,16
Reky Studios,16
Freshfield Studios,16
Cydonian Games,16
Uncaged Studios,16
Baronnerie Games,16
Retro Army Limited,16
Dust Storm Entertainment,16
Play Spirit Limited,16
PulPul Games,16
All Parts Connected,16
BlackMoon Design,16
Inexplicable Games,16
SIMAGINATION,16
IndieKeep Games,16
不想上班工作室™,16
AurealStudio,15
no_rest,15
Minor Key Games,15
WeMakeApp Studio,15
Kerry Batts,15
Fat Loot Games,15
Sokolab,15
Silence Game,15
Jason Rohrer,15
Recotechnology S.L.,15
Lunatic Pixels,15
CCYY,15
Minimallab,15
Anti-Ded GameDev,15
zeroplaystone,15
The Dragonloft,15
Ludus Studio,15
Deep Voodoo Gaming,15
Mac El Oliver,15
Los Exaltados,15
RIP Studios LLC,15
spdr870,15
Göksan Güner,15
Maulidan Games,15
Skyjaz Games,15
NyberRoar Interactive,15
Xuse,15
Kevin Yang Games,15
The Sociopath Software,15
Nerial,15
ARTIFACTS,15
Unterrainer Informatik OG,15
Tribetoy,15
Madowl Games,15
Solid9 Studio,15
CYCLOPS,15
七月九日,15
Fizzure Entertainment,15
C63 Industries,15
Z9K Games,15
Artyom Laletin,15
Space Bullet Dynamics Corporation,15
Mortis Games,15
desunoya,14
gbelo Games,14
The House of Fables,14
Fourfold Games,14
Stylus Software,14
FX Games Media,14
Nova Ideas,14
Funghisoft,14
G. Malta,14
StelloHexis,14
ChillX Ltd,14
Ivan Pestrikov,14
Axe Studio,14
Monolith Productions,14
Interama - Interactive Technology,14
Dave Gumble,14
The Impossible Object,14
Another Yeti,14
Playniac,14
ID Card,14
SystemSoft Alpha Cooperation,14
Sleepless Clinic,14
Jarrah Technology,14
ErayTek,14
Visper Games,14
Super Suite Studios,14
WnMStudio,14
Sim155 Limited,14
5th VR,14
Gory Detail Limited,14
Fancy Fish Games,14
QEGAME,14
OMNIDREAM CREATIONS,13
New Vector Gaming,13
Dima Kiva,13
Draconus Entertainment Ltd,13
Broxilia LTD,13
KAVA Game Studio,13
Studio Clangore,13
Angel Carriola,13
Sliverbroom Studios,13
Jeff Trier,13
Gamesoft,13
Seemingly Pointless,13
Caleb Chalmers,13
Alawar Stargaze,13
Helmi Bastami,13
ANG People s.r.o.,13
reMaginarium,13
MindArk PE AB,13
Spiderwork Games,13
Forester Games,13
Zanardi and Liza,13
Fever Game Studios,13
Uruca Game Studio,13
Hot Byte Games,13
Seraphim Creations,13
Stochastic Lints,13
xixgames,13
Solidware Studios,13
Redox Entertainment Inc,13
CapPlay,13
Juvty Worlds Ltd.,13
Yheeky Games,13
Pippala Games,13
Eugene Makashov,13
Jet Set Games,13
Esteran,13
Black Deck Crew,13
DHTstudios LLC,12
Brutal Muse Studio,12
Kacper Stasiełuk,12
John Wizard,12
Jötunn Games,12
Chaphat,12
Estudio Ábrego,12
MC Games,12
Wolfgang Lueger,12
Lightfoot Brothers,12
Prince Game Studio,12
Kawaiisun Games,12
Witch Laboratory,12
Jayanam,12
Denizen Seven,12
Fellstrike Games,12
G-OLD,12
BufoProject,12
Bat Byte,12
ArcticFox223,12
Childish Things Ltd,12
"Offworld Games, LLC",12
VoleR Creative,12
Frostcloud Studios,12
Codex Worlds,12
MPixels,12
Zotnip,12
Michaela Laws,12
Prey Interactive,12
NEXION,12
Nick Helweg,12
StarSystemStudios™,12
dsquare,12
Jugilus,12
Aatlantis Code,12
Firebrush Studios,12
Vasily Wosck,12
Matt Gadient,11
Logos Universe,11
altairworks,11
Wind Jester Games,11
橘喵喵,11
Jumb-O-Fun Games Inc,11
Mercator,11
Ancient War Studios,11
Stuido Studios,11
WobblyTrout,11
Dudarev Alexandr Vladimirovich,11
Element Studios,11
Semen Rodin,11
阿龟与阿飞,11
Rotatipyra,11
mindfungus,11
Specular Theory,11
Taploft Sp. z o.o.,11
OrangeGames,11
D4 Laboratory,11
Studio Wumpus,11
SaFiKiK,11
Bytro Labs GmbH,11
Astralax,11
Ponywolf,11
Flightless,11
"Element Games, LLC",11
Travian Games GmbH,11
Vionsoft,11
一杯烟雨游戏工作室,11
W3 Studios,11
Alexander Tavintsev,11
SmartArt Game Studio,11
Tellurion Mobile,11
The Revills Games,11
Labrodex Inc,11
HGames-ArtWorks,11
Munchkin's Lair,11
Errigar Games,11
Lost The Game Studios,11
Eric Sun,11
Rocket Monster Games,11
Eutechnyx,11
Laugical Games,11
Whiskeybarrel Studios,11
Mímir Studio,11
Dark Roast Entertainment,11
Aaron Matthies,11
Abyssal Arts Ltd.,10
CASGames,10
"Whim Independent Studios, LLC",10
Tuwi Michael Nannings,10
Playtap Games,10
GamerGG,10
Firebase Industries Ltd.,10
Kiz Studios,10
Systence Games,10
"FunnerSoft, LLC",10
One Up Plus Entertainment,10
咸鱼工作室,10
Grey Wolf Entertainment,10
WayWay,10
Game Mechanics LLC,10
Tesseract Interactive,10
Iron Helmet Games,10
Piao Jingfu,10
NaA Studios,10
Craig Gibbs,10
Envision Entertainment,10
白信鸽工作室,10
Japster's Cavern,10
Nimbly Games,10
KevinTheWolfy,10
Miracle Gates Entertainment,10
Yüksekolan,10
Nemoïd Apps,10
AppyArt Games,10
Zirbry Studio,10
AllMySkyStudio,10
Serhii Vitukhin,10
Dewdrop Games,10
Smm,10
Analog Casual Studios,10
"WolfShipGames Co., Ltd.",10
Lastwhirlwind,10
Rogue Earth LLC,10
lvkeai,10
Yosemite Entertainment,10
Nodbrim Interactive,10
Static City Games,10
Aera Studios,10
8-bit development,10
Gilded Skull Games,10
Games Up,10
DaTigerGame,10
Schell Games,10
David Mccue,10
Sandlot Games,10
Freetale,10
Jether,10
Lions Crayons Games,10
GamestormVR,10
Odd Comet Games,9
16 Swans,9
Curiosity Computing,9
Hannes Trebbin,9
Zebec Games,9
Roman Kozhukhov,9
Lycian Studio,9
Hexdraw,9
MoaCube,9
CKS Tactical,9
DoubleC Games,9
CrazyKraken,9
深圳中青宝互动网络股份有限公司,9
Daniel Kim,9
b movie games,9
Artefacts Studio,9
Faritengames,9
"Mindware Co.,Ltd.",9
irritatingFLY studio,9
Odd Ocelot Games,9
Meteor Shock,9
Matt Glanville,9
Tomb Team,9
Tabc3dd,9
Perchang,9
飞鹰互娱,9
GoldFire Studios,9
bad monkee,9
OneOcean LLC,9
Elllinia games,9
Conifer Games,9
Cienart Studios,9
Red Fox Game Studios,9
Labyrinthine,9
MightyCodeDragon,9
Gestmorph Games,9
x0to1,9
Clecota Games,9
Wouter van Oortmerssen,9
Remi George,9
StarvingIndieDeveloper,9
DrM@$,9
Sparse GameDev,9
Fall Damage,9
Gal Hajaj,9
Canu Arts,9
Lightning Zebra,9
"Filip Dusek, Empty Keys",9
King Crow Studios,9
Spiele-Palast GmbH,9
Nanoleptic Games,9
Katta Games,9
Toyman,9
Sacred Walrus,9
Blowfish Studios,9
Shoor Games,9
Tiny Ghost Studios,9
Pixel Battery,9
IIIDA Interactive,9
CoolHappy-Game,9
Yustas Games Studio,9
Meka Games,9
Springloaded,9
Nine Tales Digital,9
Ethan Waite,9
Luis Eduardo Guedes Martins,9
SkyGoblin,9
Monster Tree,9
wei,9
Mangobile,9
Black Hand Studio,9
Viny Game Studios,8
ZBO interactive technology,8
Outlaw Wars,8
Heavy Safe Studios,8
Delmunsoft,8
MKSM Design LLC,8
Scoria Studios,8
Great God,8
Rahmat Nata Djaja,8
Not-So Classic Games,8
STEEL-TEAM,8
Xuanjin Studio,8
Monkeybin AS,8
Crafty Studios,8
Why Not Games,8
{COMPANY_NAME_GOES_HERE},8
Max Grindebäck,8
Coding Caveman,8
SilverDam™,8
Enki,8
DNZY Games,8
GKT Studios Entertainment,8
Okugi Studio,8
Freeway Interactive,8
Seems Good Copmany,8
Intermediaware,8
Risen Games,8
Dungeonation,8
Mythical Alterno,8
3G:Games,8
Sachonski,8
ChillFun,8
ELF,8
Gameface Games Ltd,8
Dreamreason,8
Elmwood Game Studios,8
Mythic Chest,8
IKINA GAMES,8
Fire Dragon Studios,8
Deeplink Studios,8
Darkmatter Games,8
Cloaz Studio,8
Katus Game,8
iVRstudio,8
Lorenzo Bellincampi,8
BobTheShoplifter,8
Project_lelz,8
PoRovoz Studios,8
Risen Phoenix Studios,8
DyingCat,8
Correcture Games AB,8
GuraShop,8
Recreat4,8
Refocus Solutions,8
Lucid Silence Games,8
New Orbit Games,8
INVIVO Communications,8
Wicked Cake Games,8
Vanl,8
Nordcurrent,7
Frima,7
Bionic Pony,7
Skylar Pniewski,7
Riveted Games,7
Worthing & Moncrieff,7
Ape Apps,7
Qumaron,7
Baltica Games,7
Ben Strijbos,7
Team Syukino,7
Blue Mana,7
Sub Orbital Software,7
Tencent Games,7
Milan Toth,7
Studio Nyx,7
Armoured Beans,7
Holotna,7
Niubility Concept,7
Rhino Games Ireland,7
Fever Pitch Studios,7
meokigame,7
"Mika Mobile, Inc.",7
Classy Yak Game Studio,7
Slavitica,7
Chute Apps,7
Open World Interactive,7
Cherry Bloom,7
Arise,7
Binary Jellyfish,7
Overcurfew,7
Clockwork Origins,7
oblomysh,7
Black Poodle Entertainment,7
DreamsSoftGames,7
Colossal Games,7
Fabrice BIZEC,7
Thor Gaming,7
Maru Games,7
Gyro-Games Inc.,7
EntwicklerX,7
Game Mechanic Studios,7
Andy Jurko,7
窝窝社,7
Clear Ink Studios,7
Stapleton,7
Magic Chopstick Games,7
Skanerbotten,7
Jan Pabisiak,7
Kresimir Cvitanovic,7
Applepine Games,7
betamaximus-128,7
Absorb Reality,7
Black Flag Studios,7
"Babaroga, LLC",7
ByteRockers' Games,7
ChessBase GmbH,7
David Ruttan,6
SunkenFish,6
Spike Nail Studio,6
Studio Desgraff,6
Rail Slave Games,6
BUG-Studio,6
Geek Games,6
Burning Pick Entertainment,6
Quicksilver Software,6
Simurg Games,6
Mark Sowders,6
Abbeytek Ltd,6
Arrible,6
Tomi Syväjärvi,6
Acquire,6
Snapjaw Games GmbH,6
Quantum Soup Studios,6
万族游戏,6
LongGe,6
Arjuna Games,6
Masakazu Yanai,6
Nylon Blonde,6
A.Lepunov,6
UV Games Ltd,6
Cannibal Interactive,6
Paul Kearley,6
Ilya Gubin,6
Christoffer Ryrvall,6
Burgee Games,6
Ratloop Games Canada,6
Icy Donut,6
"2,000 Damage",6
GameChain,6
Samaritan Studios,6
Umix Studios,6
Persona and Pixel studio,6
Jumibois,6
Pok&Co,6
Toby Clark,6
Silky Smooth Studio,6
Studio Baikin,6
Rappid Studios,6
Lord Imperio,6
Ten Percent Red,6
Mad Vulture Games,6
Jovian Industries,6
Tangled Mess Games,6
Li Changchun,6
Reload Game Studio,6
Whitefishgames,6
ALIENS Corporation,6
Serious Games Interactive,6
Philippe Forgeur,6
Craze Creative Studios,6
Tetabester,6
games.Sharbit,6
Patrick Scott,6
So Dank Studio,6
Big Fish Studios,6
TreeView Studios,6
QLOC,6
zoocros,5
Big Fun Games,5
Peoleo Entertainment,5
GeneGames,5
Xatrix Entertainment,5
Diego Rodrigues,5
Danil Kapylov,5
Curveball Games,5
ExclexGame,5
Utopia Dream Entertainment Alliance (Pty) Ltd - South Africa,5
Computer Artworks,5
CoaguCo Industries,5
Patchwork Games,5
Daniel Erhardt,5
Digital Future Lab,5
Auraro,5
Hunted Cow Studios,5
Eldritch Phantasmagoric Games,5
Soaphog,5
He Wenjie,5
Chessbase,5
BarelyEntertainment,5
Gamesandapps,5
Adage Games,5
LIUTING,5
Darren N Lory,5
Games Faction,5
"Mantis-Eye Labs, LLC",5
MassDiGI,5
Default Software LLC,5
Kajak Games,5
EviceGames,5
Brian Hockenmaier,5
Spark VR,5
aftermonk,5
Z.A.Games,5
Aweswan studios,5
RedZone Studios LLC,5
Resi,5
Chasing Carrots,5
VRobot,5
FallenMaster,5
562 Interactive,5
MUTT Studio,5
OMAG Official,5
On The Wall Entertainment,5
ZekGame,5
哈视奇科技,5
Casualogic,5
Martin Mitov,5
slimefriend,5
Ultraint,5
Semi Sağlam,5
Koksny.com,5
Glass Cat Studios,5
Moral Anxiety Studio,5
Jaibo Games,5
"MyDream Interactive, Inc.",5
Craft Game Studio,5
Flying Panjandrum / ふらいんぐパンジャンドラム,5
Peacock Dreams Games,5
Adreamation Games Studio,5
Splout Ltd.,5
Lundar Games,5
Francesco Trovato,5
Vast Reality,5
Andrey Haritonov,5
Andrew Rowe,5
Daniel Bedrich,5
Andrey Scanarri (Scanarri),5
Yomu,5
James Flannery,5
TrerPlay,5
RAWR Lab,5
Anino Games,5
GameOn Production,5
Polymorphic Games,5
Tactichaos,5
Jake Peng,5
Challenge Yourself Gaming,5
Ibrahim Indra Baskara,5
"MidnightCoffee, Inc.",5
Homemade Games,5
Baked Games,5
Monkeys Tales Studio,5
Drowning Monkeys Games,5
Echoboom S.L.,5
Big Dorks Entertainment,5
Epotech,5
BRAINEART,5
Blueberry Studio,4
Renxiang Game,4
Shortfuse Studio,4
Hikati Games,4
Laurens van Roomen,4
Sleepy Spider Studios,4
Snow Moose Entertainment,4
视趣互动,4
Gareloch Games,4
4ShawGames,4
LeeroyLin,4
Fratboy Entertainment,4
Dogless Head Games,4
天才小学生,4
bitBerg,4
Kenny Sun,4
Daisu Games,4
"Loud King Studios, LLC",4
Mlyst,4
LaserStone,4
Mahjong Game,4
ADB,4
Josh,4
Molegato,4
Epic LLama,4
Antropi,4
Pixelbomb Games,4
Lapusanu Patriciu,4
Salsawi,4
Daniel Rychlý,4
Sugarsnapp Games,4
JaudaLabs,4
Armadillo Game Studios,4
ColloseusX,4
Acerio Games,4
GreenGasGames,4
StainlessHeart,4
Peter Hrdy,4
CREATIV GAME DEVELOPER LLC.,4
Alfa-Omega,4
Radiance Games,4
Alex Thomas,4
David Donarumo,4
Two thousand and one entertainment studio,4
crowgames UG (haftungsbeschränkt),4
Global defense company,4
Zephyo,4
Rakesh Malik,4
Rainware,4
Xefier Games Inc.,4
Dreambox,4
Heatbox Games,4
"Shanghai Fengsheng Technology Co.,Ltd.",4
Cubic Bit,4
Ulysses Games,4
Michael Lampel,4
Squidpunch Studios,4
SUNYU Software,4
Leapdoctor Games,4
302 Interactive,4
Poor Ugly Dwarf,4
Almighty Games,4
Voronoi Games,4
SteelSeed,4
FunArouGames,4
CoolGame,4
RLTY CHK,4
Circuit Hive,4
Prime Games,4
Paleno Games,4
RepkaTechStudio,4
Cateia Games,4
Ian Williams,4
Blueshift Media,4
Pixel After Pixel,4
Ninja Whale Studios,4
Shiny Entertainment,4
Fun Guy Apps,4
Independent Arts Software GmbH,4
JhonGames,4
Virtual Bridgeworks,4
SnagBox Studio,4
Subdream Studios,4
Galdor Studios,4
SIA Next Level,4
Quantum Productions,4
Space Fractal,4
Dragom,4
1888 Games,4
Rufoid AB,4
Stephen Wu,4
"Subaltern Games, LLC",4
Brave Wolf Studio,4
Dobest Studio,4
Tsunehiko Shimazu,4
Visumeca Games,4
AppleCoffee,4
Dream Real,4
Lufthamn,3
Kiritsu Games,3
Education These Days Ltd,3
Brrrainz Incorporated,3
Ingeniousfun,3
FeatherFan,3
56 Game Studios,3
Lionsart,3
Missing Sentinel Software,3
Ponomarev Denis,3
beishizixin,3
CG Creations,3
Winter's Chill Studio,3
Norain Games,3
Muggle,3
Unigine Corp.,3
.ez Games,3
"Wicked Fun, Inc.",3
Royal Donut,3
Phobetor,3
Genesz,3
Drew Radley,3
racoonbytes,3
Fedor Votrin,3
Brian Guidarini,3
Curious Dimensions Ltd,3
Onefurinthebox,3
Metropolis,3
"Escape Hatch Entertainment,LLC",3
Hifire Game Studio,3
Winglett Entertainment,3
Topstitch Games,3
"Quicksilver Software, Inc.",3
Gamesare,3
Pixel Draw,3
TealDev,3
Adam Hebert,3
LastnOni,3
Finalboss game studio,3
Viistopro,3
Galaxy Game Studio,3
Team Monad,3
EF Universe Games LLC,3
PrimeBit Games S.A.,3
TK Studio,3
Sageose,3
Alpha Strike Games Limited,3
Luiz Felipe Da Silva Marian,3
Parallel Intersection Studio,3
Televisor,3
"Precision Games, LLC",3
liuguowang,3
Bartosz Bialek,3
Hugebot!,3
Chronos VR,3
ReaverGames Ltd.,3
SRM Games,3
陌上科技,3
Pixel Art Monster - Color by Number,3
Wonderful Tree Studio,3
Rifat Erdoğan,3
Corwin Peters,3
Ryan Carlos,3
Orator Games,3
PodShoh Studio,3
Fatcat Games,3
piximo interactive,3
Frost Studios,3
Impulse Games,3
WVV-Games.com,3
China Sky Carving Game,3
Crazysoft Limited,3
FailoutGames,3
Ross Edgar,3
Charlie Fleed,3
Crispy Software Development,3
BratAndronik,3
Georgian Opariuc,3
BlackOpzFX,3
Batu Games LLC,3
7 Generation Games,3
Evoluta Studio,3
Blot Interactive,3
MediaPod,3
PSOCat,3
Lazy Friday Studio,3
SEGA Hardlight™,3
Monocool Interactive,3
Elijah Goering,3
peter8031983,3
cybercritics,3
Speedrobo Games,3
Fevolution Innovation Inc.,3
Gamegrustudio,3
Scribe,3
蛋炒饭,3
AkriGames,3
成都小微云联 LittleV,3
Gazzapper Games,3
Paper Rose Games,3
Juicy Melons Inc.,3
Aslan Game Studio,3
Eggy,3
Samuel Sales Gomes,3
John McCann,3
Druid Technologies,3
PNxDesigns,3
Teamkerberos,3
FrozenStudio,3
rokaplay,2
KMA GAMES,2
Fatmoth,2
Jump Start Games,2
Jack,2
Frostflake Studios,2
Versus System,2
Gordon Roberts,2
Eric Ferguson,2
Bluish-Green Productions,2
Catstudio,2
Mechanical Monocle,2
Kneeling Bean Studio,2
Rynder Games,2
PRO2131,2
Reality Reflection,2
KEA Games,2
Munkyfoot Gaming,2
Stefan Fleischer,2
"Shanghai ThinkingBear Network Technology Co.,Ltd",2
Hammerson Games,2
Idea Cabin,2
Fuzzy Code Studio LLC,2
Echidna Studios,2
WSJ Team,2
Flow,2
Malicious Games,2
Jiochees,2
Istotex,2
Rasmus Rasmussen,2
GO Studio,2
Sinergia Studios,2
BoomTownGames,2
Lasmelan,2
Alfa Dynasty,2
Tundra Games Ltd,2
Random developers,2
Eric L.,2
Heat Wave Games,2
Luotsi Entertainment,2
Tooth Decay Entertainment,2
LemoNeko Software,2
Sol Bot Studios,2
Shortbreak Studios s.c.,2
Termite Farm,2
Chainsaw Development,2
Tanny Tran,2
GoldenCrest Games,2
OPAL Studio,2
Grindstone Interactive,2
Up All Night Games,2
globalsoccermanager,2
Telestic Studios,2
"Funly, LLC",2
Dan Kenny,2
TotalDistraction,2
SomeDudes,2
Dozen Minds OU,2
LucasArts,2
Go-Ah! Games,2
ZBO,2
Mubarak AlKhuzaee,2
Wamill,2
Blue Lizard Games Inc.,2
Minibeast LLC,2
indie_games_studio,2
Mintaka Softworks,2
Overimagined Games,2
Axyos Games,2
Hyphema Studios,2
Stefan Elsen,2
Jumpmen Gaming,2
Ekrcoaster,2
ECC GAMES SP. Z O.O.,2
Shane Hillier,2
callenshaw indiegames,2
Hail Mary Games,2
Poking Water Games,2
Akumu Games,2
Voidless Studios,2
netmin games,2
Rob Engel,2
Red Chain Games Ltd.,2
Electrical Eagle,2
Hunter Tintera,2
Hippopo Entertainment,2
Intangible Games,2
Two Too Many,2
Raymond Leung,2
Grey Dog Software,2
"BTD STUDIO Co.,ltd.",2
Vertical Reach,2
Morepork Games,2
LozMarblz Inc.,2
GameWriterStudio,2
Command Z,2
Denki Gaka,2
VRMonkey,2
BSS company,2
Battenberg Software,2
Royal Polygon,2
Goblinz Digital,2
Robert J. Deutsch,2
Heavy Iron Studios,2
Dreamflake,2
Yobowargames,2
xexai,2
Astrobot,2
Inventive Dingo,2
Dance studio mix,2
Emily Peregrine,2
Yellow Panda Games,2
乐吧工作室,2
Beijing LightingFire,2
Particle Systems Ltd.,2
Frismos,2
Nemeton Singularity Simulations,2
Nordic Mist Games,2
Edgy Labs LLC,2
张八万工作室,2
The Selenite Forge,2
Rat Wrath Studios,2
Drageus Games,2
GamersUnit,2
JoHo,2
Onipunks Studio Inc.,2
Yellow Factory,2
Tumico Studio,2
Hako Games,2
Chaos Theory Studios,2
ZUGALU ENTERTAINMENT,2
Tomas Novak,2
Karton Robot,2
KudaiGame,2
Oriplay,2
Whalebox Studio,2
Michael Cox,2
SPS,1
6L6 Interactive,1
Wolverine Studios,1
Toothless T-Rex,1
KZ42,1
Interplay,1
Silver Dog Games,1
A.J Starkey Enterprises,1
me,1
Games-Up,1
PlayFortress,1
Betamaximus-128,1
"Overcloud9, Phantasm Games",1
Tian Jagodic,1
Eroticon VR,1
Warforged,1
Axed Game Studio,1
Death Hill Games,1
Daniel Jonas,1
Nicholas Fisher,1
"Delusion Arts Entertainment, LLC",1
绿叶工作室,1
HIVOLVE,1
Hokkaido Studios,1
singi,1
HUMAN LIVE,1
Pompi Pompi Entertainment,1
Match Connect Challenge,1
Kitty Cattus,1
Marafigogames,1
Placate The Cattin Productions,1
WoolyLittleGuys,1
ShooStudios,1
Christopher Howard,1
TrolleyBuzz LLC,1
Austin Boucher,1
Andreil Game,1
LIN KE HSI,1
TiStar Game,1
UNBALANCE Corporation,1
Subaltern Games,1
DDD Wares,1
Racing Thought Studios,1
yeyinggame,1
ToBringAlive,1
oneIMMERS,1
Lucky Frame,1
Black Sheep Games,1
Evgeny Petrov,1
WhiteNutGames,1
"Valhalla Universe, Inc.",1
Fingertip Games UK,1
Stanislaw Truchowski,1
FuzzyCube,1
Exato Game Studios,1
herun,1
Rally Call Software,1
Tulaboev Ikhvolbek,1
Zeuta Caffe,1
Artepi Corporation,1
LYS,1
Battle Factory,1
SDC Ventures,1
Zachary Geier,1
Siberian Digital,1
Atarei,1
Pal Diaray,1
Vincae Entertainment,1
Cyber Chroma,1
ThiefCat,1
Nicholas Ingulfsen,1
ThatGame Pty Ltd,1
Tiny Utopia,1
moBack,1
Teletower Studios,1
happyking,1
Puzzle: Underwater World,1
Nyanko Gaming,1
Simple Culture and Creativity LLC,1
ZeroHQ,1
Imagitec,1
Studio Bidon Games,1
MAGIC ERA,1
Uniday Studio,1
EDEVOX,1
King's Lance Games,1
Hashed Egg,1
MobileFusion Apps Ltd,1
Jack The Creative,1
SaintWorks,1
Riovox,1
Peter Junior Leonar,1
Alex Cooper,1
HAYATO YANG,1
Genlivpat,1
GameArx,1
Tribal Dreams,1
Zack Garrett,1
youzhaxiaojiji,1
Modii Games,1
Bad Monkey Love,1
Ludvig Larsson,1
Nifty Productions,1
Douglas Liang,1
TarbuttonStudio,1
GIGI studio,1
GraphXGames,1
Infamus Entertainment,1
Jake Cantrell,1
Salt & Pixel,1
Composition Game Studio,1
LinQ,1
Only Human Studios,1
Zinnusl,1
Team 6,1
Forever Years,1
Duel Studios,1
UA Games,1
Western Civilization Software,1
GMGame,1
Cuddles and Snowflake,1
Rock Wale,1
Bail! Enemy Jet!,1
MuscleBird,1
CangGu,1
Little Smart Planet,1
David Mulder,1
Spilt Milk Studios Ltd,1
Beam Software,1
Oliveshark,1
Dragon's Games,1
Enemby Games,1
The Most,1
askot,1
CaveDave,1
Cublo,1
James Schilz,1
"MWN TECH.,LTD",1
Game Alchemists,1
Tobias Nilsson,1
Khizer Awan,1
Atelier Melon-Kissa,1
MPC VR,1
ThatGuyGilby,1
Yunkai,1
Oracle Gaming Orlando LLC,1
Voltage Inc.,1
Jumb-O-Fun,1
purpleElephant,1
Binary Emotions,1
SLASH,1
City Quests Media UK,1
Qor Concept Entertainment Inc.,1
Antiquity Studio,1
Albash Bokhari,1
Grey Wizard Innovative,1
Chocolate Ship Games,1
Tomimar,1
Gorilla Tactics,1
Game Dev Castle,1
Funkitron,-1
Graf von Wenzel,-1
Chilla's Art,-1
Sssjim7,-1
RegiGames,-1
maddma,-1
Sonera Game Studio,-1
Juan Jose Garrido Gomez,-1
Chengen Zhao,-1
LoopGame,-1
Ideonic,-1
Esoterics,-1
Canalside Studios,-1
Salty Dog Digital,-1
Gamerizon Studio Inc.,-1
Noodle Games,-1
GamerzDan,-1
ESTS SYSTEMS,-1
Technically Competent,-1
Multi_ChoiceGames,-1
BeiJing Da Xing Media Limited Company,-1
Wax Lyrical Games,-1
Cosy Goat,-1
Heroic Games Studio,-1
Aric Morrow,-1
SweetApple,-1
"Strawberry Game Studios, LLC",-1
Unwieldly Systems,-1
Creativ Game Developer LLC,-1
Virtual Classic Studio,-1
U24 Solutions,-1
Alien Octopus Studio,-1
幻想禁,-1
Simon Roth,-1
Crabby Team,-1
Floor Chicken,-1
Heathen Engineering,-1
The DF Team,-1
XTeam Software Solutions srls,-1
"SynaptixGames, LLC",-1
Dev Arc,-1
"Engient, Inc",-1
Emprom Game,-1
Keith Burgun Games,-1
Awakened,-1
Space Driver,-1
BrokenMemoryGames,-1
3D FACTORY,-1
LinkUp Games,-1
Rohit Joshi,-1
_trackC Studios,-1
Trifulca Force,-1
dark made games,-1
Light Strategy Series,-1
DVL GAMES,-1
CPsoft,-1
LillyWelland inc.,-1
JRad Games,-1
Nuts and Volts Electronics,-1
Timuz Games,-1
Fungameco Ltd,-1
Grean,-1
AVA Gaming,-1
BlueRichter,-1
Amigo VR Studio,-1
Zen GM Games,-1
Dincicode,-1
Guerilla Tea Games,-1
Fury Games Production,-1
INT2000,-1
Black Smerch,-1
Straitlace Studios,-1
Platoon Studios,-1
Allied Games Inc.,-1
Henrico,-1
The Escape Team,-1
Juniper Theory,-1
Calepin Studio,-1
Edougame,-1
GHSSJ,-1
Food dream factory,-1
Luxuria,-1
Kobold Workforce Studios,-1
Frederik Holst,-1
Imperia Online LTD,-1
Lan Yu,-1
BOHDOKUMEN.,-1
RCMADIAX,-1
Futureantics Pty Ltd,-1
Dynasty Interactive Ltd,-1
Sokolov Yaroslav Vladimirovich,-1
Kirchesch,-1
"Druidic, LLC",-1
The Archotek Project Team,-1
Seven Sails,-1
Quail Island Software Limited,-1
Blanket Fort Games,-1
Tobop Productions,-1
100 Plus Games llc,-1
Grizzly Wolf Games LLC,-1
Mighty Games,-1
Sonalysts Combat Simulations,-1
OCEAN Software,-1
Busking Software,-1
ECC GAMES S.A.,-1
Web Interactive Solutions,-1
Viny Game Studio,-1
Cuddle Tree,-1
TYSoft,-1
Flying Robot Studios,-1
Surrealscape Studios,-1
Dcode,-1
14 Dimension Enterprise,-1
RedHorse Studio,-1
Rahul Martin,-1
guyhezi,-1
pepeizq,-1
Obi-Wanya,-1
forever8pus,-1
Virtual Vitality,-1
HexWar Games Ltd,-1
ARGames,-1
GiBar,-1
Left Flank Games,-1
MuLong,-1
Kittik Game Studio,-1
Blaiz Entertainment,-1
Light Label Entertainment,-1
"Limitless Fun, LLC",-1
HJO Creations,-1
Surreal Games,-1
Klondike Solitaire Kings,-2
Starodymov,-2
Milkjug Studios,-2
流一心,-2
Waden Kane Game Studios,-2
MOGA Creative,-2
Reto Kolly,-2
Dead Crow,-2
Statto Software,-2
EVERYDAYiPLAY,-2
Game Scorpion Inc.,-2
Business Tycoon,-2
Team of Light Media LLC,-2
LS Ensemble,-2
RenZhai(人宅),-2
Niu Studio,-2
KeyboardMeow,-2
HyperDrive Games,-2
FunnyNetWork,-2
Winterflood,-2
JNA Game,-2
Juniper Games,-2
"Corn Fed Games, LLC.",-2
VRLab Academy,-2
Bonion Games,-2
DP Corp,-2
Armagedoom Games,-2
XiaoLongBao Games,-2
GameMill Entertainment,-2
Mathias,-2
Be hate Free.org,-2
Sexy Miss Studio,-2
14Dimension Enterprise,-2
Munigis,-2
Tech Warrior-Dylan Dugan,-2
Michal Kuchárik,-2
Lemix game,-2
Iron,-2
Fastbird Dev Studio,-2
"Atom Switch, Inc.",-2
santasco.com,-2
Retrover Games,-2
"Playful Art, LLC",-2
StaplesVR,-2
Theory Georgiou,-2
MCON,-2
GTGD,-2
Steve Fox,-2
Roastery Games,-2
"Beijing Touch the heart interactive technology co., LTD",-2
The Mustard Corporation,-2
Thomas Bacon,-2
Benarom Games,-2
Matthew Robinson,-2
Opposable Games,-2
Vogelfänger,-2
The Light Sword Team,-2
Mind Leak,-2
Game Hollywood,-2
Invisible Man,-2
Four Lights,-2
AB SOFT,-2
Blue Budgie Studios,-2
DSK Studios Pvt. Ltd,-2
AcneVulgaris,-2
Aundre Rogers,-2
Rabid Design Studios,-2
YAOYICHEN,-2
GOTY LLC,-2
VOID VR,-2
"No, You Shut Up Inc.",-2
Burgseiten Studios,-2
Vlad Cristian,-2
ZK-Tech,-2
Sally Rough LLC,-2
ZarioSide,-3
Dreamwalker Games,-3
Starlight Studios,-3
Prutkova Anastasia,-3
Forever Young Games,-3
Playboom,-3
7 Road,-3
Fatih KAYA,-3
Proximity Games,-3
Hashem Amir,-3
Ninetales Studios,-3
Octopus 8 Studios,-3
Crystal Box Team,-3
Folo Studio,-3
Pegnio Ltd,-3
Triseum,-3
YorkshireRifles,-3
REMIMORY,-3
"Cypress Inheritance, LLC",-3
Big Blue Studios,-3
Axis Granted Creations Team,-3
The Burning Red Design,-3
SugGames,-3
Screenwave Media,-3
Emperor Development,-3
Sandbank Studios Ltd,-3
JDRumble,-3
Ingenio Contenido Digital,-3
Swarog Games,-3
Josh Tam Universe,-3
NoTime Studios,-3
Werner Schmidtberg,-3
Myra D'Ann,-3
Victor Corradi,-3
Core Steel Game Studio,-3
Real Fighting,-3
Ocean Software,-3
NuclearFirecracker,-3
嘟嘟,-3
Compot,-3
Guerilla Media,-3
Smash Game Studios,-3
HCPgames,-3
Wastelands Interactive,-3
边玩边学网络科技有限公司,-3
DMD 'Ware,-3
Capt McCay Soft,-3
"Hut 90, Inc.",-3
Lucid Dream Studio,-3
Vlad K.,-3
"MAMMOSSIX Co., Ltd.",-3
Narvalous Inc,-4
KDV Games,-4
NK CREATIV TEAM,-4
"Shandong Jerei Digital Technology Co.,LTD.",-4
Brainwashing games,-4
Snowdon Games,-4
Arcade Distillery,-4
bakno Games,-4
视趣互动（天津）科技有限公司,-4
EGCL,-4
VooFoo Studios,-4
Softwaves Mini,-4
Hobbisoft,-4
Pjural,-4
Labs Games,-4
upjers,-4
Theodor Niklas,-4
Capt. McCay Soft,-4
Winding Way Games,-4
Umnyasha Games,-4
Crystal Shard,-4
WalkBoy Studio,-4
Naval Sims,-4
MediaSpark,-4
Polinc Games,-4
The Conjurer's Tower,-4
Processor Game Studio,-4
F-Games,-4
MouldyMattress,-4
Activision,-4
Mario Scarfone,-4
Pill Bug Interactive,-5
Kuźnia partyzantów (Polska),-5
Ilusis Interactive Graphics,-5
MasterCalamity Games,-5
"Metaware Limited, LLC",-5
ZovGame,-5
Luckyhammers,-5
TripleRam Games,-5
Miolhr SM,-5
Zerstoren Games,-5
YEMA GAME,-5
Dice7,-5
Chongqing Yan Wan network technology Co.Ltd.,-5
Infogrames,-5
FAKT Software Gmbh,-5
Michael Amzovski,-5
幻想工房,-5
VIS-Games,-5
Stoneworks Games,-5
indiemaatheus,-5
le8 stdio,-5
Sushee,-6
Fasaria Works,-6
Team B.R.O.S.,-6
Pirate Games,-6
TaxSoft,-6
Alexander Shvab,-6
3DDUO,-6
DropDGames,-6
Studio by the Bay,-6
Silent Legends,-6
Robert Ferry,-6
Dorado Games,-6
Green-eyed Taxi,-6
FrozenPixel (FPX),-6
Red Iron Labs,-6
Trend Redaktions- und Verlagsgesellschaft mbH,-6
Crispon Games,-6
magnussoft,-6
A Mazeing Tower Defense,-6
Michael Swan,-6
Nekrosoft,-6
Moonware Games,-6
Manif,-6
Aslak Studio,-7
ThankGame.com,-7
The Indie Forge,-7
Glyph Worlds,-7
SUSHI TYPHOON GAMES,-7
Clear Light Games,-7
Red Rider,-7
PlayTech Studio,-7
Antuan Johnson,-7
Koodilab,-7
UnexEvo,-7
13-lab,-7
Joystick Knights,-7
Axel Anderson,-7
Kardfy Studios,-7
Squirrelbot Games,-7
MadOptimist Games,-7
Cliffhanger Productions,-7
Criss Cross Games,-7
The Ninth Art,-7
Carlos Vázquez Ordóñez,-7
Ihor Kalinin,-8
Fusion Core,-8
AngryAngelGames,-8
Ironcode Gaming,-8
"Games by Robert, LLC",-8
BJGameInd,-8
exosyphen studios,-8
Rafael Farias,-8
上海信虎文化传播有限公司,-8
Cankut Keskin,-8
Exordium Games,-8
Smelter,-8
Totem games,-8
T-Rex Games,-8
Killer Bees Games,-8
Peter Lacalamita,-9
Floating Point Interactive,-9
88mm,-9
Skunkwerks Kinetic,-9
Fivang,-9
azimut team,-9
Firehawk Studios,-9
PokerStars Mobile Limited,-9
Ghost Machine,-9
TBA Games,-9
OrangesGame Technology Limited,-10
Beardserk,-10
Red Phoenix Studios,-10
GameSamba,-10
Narrow Monolith,-10
SkyReacher Entertainment,-10
miqu studio,-11
AOS GAME,-11
Asmodee Digital,-11
ma_mutte,-11
Softwaves,-11
Mikhail Melnikov,-11
evlavv_studio,-11
Meridian4,-11
Curvature Systems,-11
Lionmoon UG,-11
"ShinerJoy Technology Co., Ltd.",-11
Intropy Games,-11
e-Solution,-11
GameHollywood,-11
FarrugiaSoft,-11
BRINK 3D,-12
Imperia Online JSC,-12
Pepi Games,-12
baKno Games,-12
Camel 101,-12
Point Blank Games,-12
Falco Software,-12
Laush Dmitriy Sergeevich,-12
EJRGames,-13
BigBlaze Games,-13
GamePrix,-13
Geniaware Srl,-13
LiveItGames LLC,-13
EcoGames,-13
Independent Arts Software,-14
Fabio Cunha,-14
Star Legion,-14
Electric Rune,-14
Unicorn Games Studio,-14
BetsonGames,-14
AYE Technology,-14
T4 Interactive,-14
34BigThings srl,-14
BefuddleBug,-14
Dreamatrix,-15
Playloft,-15
Merriman Games,-15
Proscenium,-15
Eternity Studios,-15
Colossal Wreck,-15
Digital Entertainment,-16
Team Eyepatch,-16
EnsenaSoft,-16
4sdk,-16
GameUS Inc,-16
TKG Inc.,-17
Nitro Games,-17
hede,-18
Four Winged Studio,-18
Oreol,-18
United Independent Entertainment GmbH,-18
"""Nikita """"Ghost_RUS""""""",-19
Alongini,-19
Night Dreams Studio,-19
Coffee-Powered Games,-19
Crematorium of Time,-19
Heroes Dev Team,-19
Binary Helix,-19
Markus Fick,-19
Kev Jackson,-20
4gency,-20
杭州分浪网络科技有限公司,-20
Warlock Arts,-21
Microlith Games,-21
DarkStar Games,-21
Smit Parmar,-22
SystemSoft Alpha Corporation,-22
Funnel Inc.,-22
Aerolab Studios LTD,-23
Archive Entertainment,-23
Garnudo Games,-23
Pointscape,-23
DUCK,-23
m4g,-23
Virtuos,-24
Joona Vartiainen,-24
Pwnee Studios,-25
Defroids,-25
Little World Studio,-25
Game Troopers,-26
momoStorm Entertainment,-26
Fun Games For Free,-27
Maddnuss Games,-27
Odin Game Studio,-27
Mystik'Art,-27
N-Game Studios,-27
Makivision Games,-28
Crankies Smartworks,-28
89AM Studio,-28
Primitive Studio,-28
DMD Enterprise,-29
Dyrnwyn Games,-29
"Sperasoft, Inc.",-30
GameArt Studio GmbH,-30
H  Legion,-30
"Accolade, Inc.",-30
Mental Zone Digital Game Studios,-31
NeoCoreGames,-31
STICLI Games,-31
MegawattsCo,-31
Ultima Games,-33
Icehole Games,-33
Linked Dimensions,-34
MAGICS,-35
Sinister,-36
New Reality Games,-36
Arcane Raise,-36
Mitorah Games,-36
Apillo,-37
rondomedia GmbH,-38
TRI.G,-38
Kuno Interactive,-38
3X Entertainment Limited,-39
MercurySteam,-39
Consala Games,-41
Cyanide Montreal,-41
Duck Duck Zeus,-43
exagongames,-44
TernGame,-45
Ionising Software,-46
Toplitz Productions,-46
Lesta Studio,-47
Nekyau Games,-47
Dreambakers,-47
Bigbug Studio,-47
Photon Arena,-48
Talentplace,-50
WhackAKey Games,-50
Atapki,-52
Psychic Games Ltd.,-53
Red Katana,-53
Darkcross Games,-56
The Tambourine,-58
Full Control,-58
Fugitive Games,-59
3000AD,-59
Gamenesis,-61
Metamorf,-64
HellconX© Studio's,-64
FrameLineNetwork,-65
Actalogic,-65
The Tiniest Shark,-69
Lei,-71
WTFOMGames,-71
Camel101 LLC,-73
Dan_D,-73
Belarus Games,-77
G.Malta,-78
"Gaslamp Games, Inc.",-78
FrameLineNetwork Kft.,-79
Gamestarters,-81
Special Circumstances,-83
Budgie Games,-83
Cyanide,-90
BlueGiant Interactive,-93
Gentlymad Studios,-98
WhiteMoon Dreams,-101
Mint Age Studios,-102
MobileBits,-102
Millenway,-105
ChimpLabs,-106
GameUS Inc.,-112
Kerberos Productions,-113
SDEnterNet,-115
Mihai Morosanu,-115
Radon Labs,-120
ExDream GmbH,-128
Forever Entertainment S. A.,-136
ioneo,-147
Sekerin Productions,-149
Headup Games / Crenetic,-152
Dexion Games,-155
Arkavi Studios,-216
Altay Workshop,-223
Exozet,-257
Games Distillery s.r.o.,-292
b-Alive,-325
22cans,-349
Cornered Rat Software,-395
Sunlight Games,-408
Reborn Games,-667
Dark Day Interactive,-866
Serellan LLC,-1225
"Xavi Canal, Ben Palgi",-1246
Nvizzio Creations,-2463
